title,year,rating,genres,directors,stars,durasi_menit
The Shawshank Redemption,1994,9.3,"Epic, Period Drama, Prison Drama, Drama",Frank Darabont,"Tim Robbins, Morgan Freeman, Bob Gunton",142
The Godfather,1972,9.2,"Epic, Gangster, Tragedy, Crime, Drama",Francis Ford Coppola,"Marlon Brando, Al Pacino, James Caan",175
The Dark Knight,2008,9.1,"Action Epic, Epic, Psychological Drama, Psychological Thriller, Superhero, Tragedy, Action, Crime, Drama, Thriller",Christopher Nolan,"Christian Bale, Heath Ledger, Aaron Eckhart",152
The Godfather Part II,1974,9.0,"Epic, Gangster, Tragedy, Crime, Drama",Francis Ford Coppola,"Al Pacino, Robert De Niro, Robert Duvall",202
12 Angry Men,1957,9.0,"Legal Drama, Psychological Drama, Crime, Drama",Sidney Lumet,"Henry Fonda, Lee J. Cobb, Martin Balsam",96
The Lord of the Rings: The Return of the King,2003,9.0,"Action Epic, Adventure Epic, Epic, Fantasy Epic, Mountain Adventure, Quest, Sword & Sorcery, Tragedy, Adventure, Drama",Peter Jackson,"Elijah Wood, Viggo Mortensen, Ian McKellen",201
Schindler's List,1993,9.0,"Docudrama, Epic, Historical Epic, Period Drama, Prison Drama, Psychological Drama, Tragedy, Biography, Drama, History",Steven Spielberg,"Liam Neeson, Ralph Fiennes, Ben Kingsley",195
The Lord of the Rings: The Fellowship of the Ring,2001,8.9,"Action Epic, Adventure Epic, Dark Fantasy, Epic, Fantasy Epic, Quest, Sword & Sorcery, Adventure, Drama, Fantasy",Peter Jackson,"Elijah Wood, Ian McKellen, Orlando Bloom",178
Pulp Fiction,1994,8.8,"Dark Comedy, Drug Crime, Gangster, Crime, Drama",Quentin Tarantino,"John Travolta, Uma Thurman, Samuel L. Jackson",154
"The Good, the Bad and the Ugly",1966,8.8,"Action Epic, Adventure Epic, Dark Comedy, Desert Adventure, Epic, Period Drama, Quest, Spaghetti Western, Western Epic, Adventure",Sergio Leone,"Clint Eastwood, Eli Wallach, Lee Van Cleef",178
The Lord of the Rings: The Two Towers,2002,8.8,"Action Epic, Adventure Epic, Dark Fantasy, Epic, Fantasy Epic, Quest, Sword & Sorcery, Adventure, Drama, Fantasy",Peter Jackson,"Elijah Wood, Ian McKellen, Viggo Mortensen",179
Forrest Gump,1994,8.8,"Epic, Period Drama, Romantic Epic, Tragic Romance, Drama, Romance",Robert Zemeckis,"Tom Hanks, Robin Wright, Gary Sinise",142
Fight Club,1999,8.8,"Dark Comedy, Psychological Drama, Psychological Thriller, Workplace Drama, Crime, Drama, Thriller",David Fincher,"Brad Pitt, Edward Norton, Meat Loaf",139
Inception,2010,8.8,"Action Epic, Adventure Epic, Epic, Psychological Thriller, Sci-Fi Epic, Action, Adventure, Sci-Fi, Thriller",Christopher Nolan,"Leonardo DiCaprio, Joseph Gordon-Levitt, Elliot Page",148
Star Wars: Episode V - The Empire Strikes Back,1980,8.7,"Action Epic, Adventure Epic, Dark Fantasy, Dystopian Sci-Fi, Epic, Fantasy Epic, Quest, Sci-Fi Epic, Space Sci-Fi, Sword & Sorcery",Irvin Kershner,"Mark Hamill, Harrison Ford, Carrie Fisher",124
The Matrix,1999,8.7,"Action Epic, Artificial Intelligence, Cyberpunk, Dystopian Sci-Fi, Gun Fu, Martial Arts, Sci-Fi Epic, Action, Sci-Fi","Lana Wachowski, Lilly Wachowski","Keanu Reeves, Laurence Fishburne, Carrie-Anne Moss",136
Goodfellas,1990,8.7,"Docudrama, Gangster, True Crime, Biography, Crime, Drama",Martin Scorsese,"Robert De Niro, Ray Liotta, Joe Pesci",145
Interstellar,2014,8.7,"Adventure Epic, Epic, Psychological Drama, Quest, Sci-Fi Epic, Space Sci-Fi, Time Travel, Adventure, Drama, Sci-Fi",Christopher Nolan,"Matthew McConaughey, Anne Hathaway, Jessica Chastain",169
One Flew Over the Cuckoo's Nest,1975,8.6,"Dark Comedy, Medical Drama, Psychological Drama, Drama",Milos Forman,"Jack Nicholson, Louise Fletcher, Michael Berryman",133
Se7en,1995,8.6,"Cop Drama, Hard-boiled Detective, Police Procedural, Psychological Drama, Psychological Thriller, Serial Killer, Tragedy, Crime, Drama, Mystery",David Fincher,"Morgan Freeman, Brad Pitt, Kevin Spacey",127
It's a Wonderful Life,1946,8.6,"Feel-Good Romance, Holiday Family, Holiday Romance, Psychological Drama, Supernatural Fantasy, Drama, Family, Fantasy, Holiday, Romance",Frank Capra,"James Stewart, Donna Reed, Lionel Barrymore",130
The Silence of the Lambs,1991,8.6,"Police Procedural, Psychological Drama, Psychological Horror, Psychological Thriller, Serial Killer, Crime, Drama, Horror, Thriller",Jonathan Demme,"Jodie Foster, Anthony Hopkins, Scott Glenn",118
Seven Samurai,1954,8.6,"Japanese, Action Epic, Epic, Period Drama, Samurai, Action, Drama",Akira Kurosawa,"Toshirô Mifune, Takashi Shimura, Keiko Tsushima",207
Saving Private Ryan,1998,8.6,"Epic, Period Drama, Psychological Drama, Tragedy, War Epic, Drama, War",Steven Spielberg,"Tom Hanks, Matt Damon, Tom Sizemore",169
The Green Mile,1999,8.6,"Period Drama, Prison Drama, Supernatural Fantasy, Tragedy, Crime, Drama, Fantasy, Mystery",Frank Darabont,"Tom Hanks, Michael Clarke Duncan, David Morse",189
City of God,2002,8.6,"Portuguese, Caper, Coming-of-Age, Gangster, Crime, Drama","Kátia Lund, Fernando Meirelles","Alexandre Rodrigues, Leandro Firmino, Matheus Nachtergaele",130
Life Is Beautiful,1997,8.6,"Italian, Period Drama, Psychological Drama, Romantic Comedy, Tragedy, Tragic Romance, Comedy, Drama, Romance, War",Roberto Benigni,"Roberto Benigni, Nicoletta Braschi, Giorgio Cantarini",116
Terminator 2: Judgment Day,1991,8.6,"Action Epic, Artificial Intelligence, Cyberpunk, Dark Comedy, Dystopian Sci-Fi, Sci-Fi Epic, Time Travel, Action, Adventure, Sci-Fi",James Cameron,"Arnold Schwarzenegger, Linda Hamilton, Edward Furlong",137
Star Wars: Episode IV - A New Hope,1977,8.6,"Action Epic, Adventure Epic, Dystopian Sci-Fi, Epic, Fantasy Epic, Quest, Sci-Fi Epic, Space Sci-Fi, Sword & Sorcery, Action",George Lucas,"Mark Hamill, Harrison Ford, Carrie Fisher",121
Back to the Future,1985,8.5,"High-Concept Comedy, Teen Adventure, Teen Comedy, Time Travel, Urban Adventure, Adventure, Comedy, Sci-Fi",Robert Zemeckis,"Michael J. Fox, Christopher Lloyd, Lea Thompson",116
Spirited Away,2001,8.6,"Japanese, Anime, Coming-of-Age, Fairy Tale, Hand-Drawn Animation, Quest, Supernatural Fantasy, Adventure, Animation, Family",Hayao Miyazaki,"Daveigh Chase, Suzanne Pleshette, Miyu Irino",124
The Pianist,2002,8.5,"Docudrama, Epic, Period Drama, Tragedy, War Epic, Biography, Drama, Music, War",Roman Polanski,"Adrien Brody, Thomas Kretschmann, Frank Finlay",150
Gladiator,2000,8.5,"Action Epic, Adventure Epic, Epic, Period Drama, Sword & Sandal, Action, Adventure, Drama",Ridley Scott,"Russell Crowe, Joaquin Phoenix, Connie Nielsen",155
Parasite,2019,8.5,"Korean, Dark Comedy, Psychological Drama, Psychological Thriller, Tragedy, Drama, Thriller",Bong Joon Ho,"Song Kang-ho, Lee Sun-kyun, Cho Yeo-jeong",132
Psycho,1960,8.5,"Dark Comedy, Psychological Horror, Psychological Thriller, Slasher Horror, Suspense Mystery, Drama, Horror, Mystery, Thriller",Alfred Hitchcock,"Anthony Perkins, Janet Leigh, Vera Miles",109
Grave of the Fireflies,1988,8.5,"Japanese, Adult Animation, Anime, Hand-Drawn Animation, Period Drama, Tragedy, Animation, Drama, War",Isao Takahata,"Tsutomu Tatsumi, Ayano Shiraishi, Akemi Yamaguchi",88
The Lion King,1994,8.5,"Adventure Epic, Animal Adventure, Coming-of-Age, Epic, Hand-Drawn Animation, Jungle Adventure, Adventure, Animation, Drama, Family","Roger Allers, Rob Minkoff","Matthew Broderick, Jeremy Irons, James Earl Jones",88
Harakiri,1962,8.6,"Japanese, Epic, Period Drama, Drama, Mystery",Masaki Kobayashi,"Tatsuya Nakadai, Akira Ishihama, Shima Iwashita",133
The Departed,2006,8.5,"Cop Drama, Epic, Gangster, Crime, Drama, Thriller",Martin Scorsese,"Leonardo DiCaprio, Matt Damon, Jack Nicholson",151
Whiplash,2014,8.5,"Psychological Drama, Drama, Music",Damien Chazelle,"Miles Teller, J.K. Simmons, Melissa Benoist",106
The Prestige,2006,8.5,"Period Drama, Steampunk, Tragedy, Drama, Mystery, Sci-Fi, Thriller",Christopher Nolan,"Christian Bale, Hugh Jackman, Scarlett Johansson",130
American History X,1998,8.5,"Prison Drama, Psychological Drama, Tragedy, Crime, Drama",Tony Kaye,"Edward Norton, Edward Furlong, Beverly D'Angelo",119
Léon: The Professional,1994,8.5,"Gangster, One-Person Army Action, Tragedy, Action, Crime, Drama, Thriller",Luc Besson,"Jean Reno, Gary Oldman, Natalie Portman",110
Spider-Man: Across the Spider-Verse,2023,8.5,"Action Epic, Adventure Epic, Computer Animation, Dark Comedy, Epic, Fantasy Epic, Sci-Fi Epic, Superhero, Supernatural Fantasy, Teen Adventure","Joaquim Dos Santos, Kemp Powers, Justin K. Thompson","Shameik Moore, Hailee Steinfeld, Brian Tyree Henry",140
Cinema Paradiso,1988,8.5,"Italian, Coming-of-Age, Drama, Romance",Giuseppe Tornatore,"Philippe Noiret, Enzo Cannavale, Antonella Attili",174
Casablanca,1942,8.5,"Psychological Drama, Drama, Romance, War",Michael Curtiz,"Humphrey Bogart, Ingrid Bergman, Paul Henreid",102
The Intouchables,2011,8.5,"French, Buddy Comedy, Docudrama, Comedy, Drama","Olivier Nakache, Éric Toledano","François Cluzet, Omar Sy, Anne Le Ny",112
The Usual Suspects,1995,8.5,"Caper, Gangster, Heist, Psychological Drama, Psychological Thriller, Suspense Mystery, Whodunnit, Crime, Drama, Mystery",Bryan Singer,"Kevin Spacey, Gabriel Byrne, Chazz Palminteri",106
Alien,1979,8.5,"Alien Invasion, Cyberpunk, Monster Horror, Space Sci-Fi, Tragedy, Horror, Sci-Fi",Ridley Scott,"Sigourney Weaver, Tom Skerritt, John Hurt",117
Modern Times,1936,8.5,"Romantic Comedy, Satire, Slapstick, Comedy, Drama, Romance",Charles Chaplin,"Charles Chaplin, Paulette Goddard, Henry Bergman",87
Rear Window,1954,8.5,"Dark Comedy, Psychological Thriller, Suspense Mystery, Drama, Mystery, Thriller",Alfred Hitchcock,"James Stewart, Grace Kelly, Wendell Corey",112
Django Unchained,2012,8.5,"Dark Comedy, Epic, One-Person Army Action, Period Drama, Western Epic, Drama, Western",Quentin Tarantino,"Jamie Foxx, Christoph Waltz, Leonardo DiCaprio",165
Once Upon a Time in the West,1968,8.5,"Adventure Epic, Desert Adventure, Epic, Period Drama, Quest, Spaghetti Western, Western Epic, Drama, Western",Sergio Leone,"Henry Fonda, Charles Bronson, Claudia Cardinale",166
City Lights,1931,8.5,"Feel-Good Romance, Romantic Comedy, Satire, Slapstick, Comedy, Drama, Romance",Charles Chaplin,"Charles Chaplin, Virginia Cherrill, Florence Lee",87
Apocalypse Now,1979,8.4,"Adventure Epic, Epic, Hard-boiled Detective, Psychological Drama, Quest, Suspense Mystery, War Epic, Drama, Mystery, War",Francis Ford Coppola,"Martin Sheen, Marlon Brando, Robert Duvall",147
WALL·E,2008,8.4,"Adventure Epic, Artificial Intelligence, Computer Animation, Dystopian Sci-Fi, Epic, Psychological Drama, Sci-Fi Epic, Space Sci-Fi, Adventure, Animation",Andrew Stanton,"Ben Burtt, Elissa Knight, Jeff Garlin",98
Memento,2000,8.4,"Psychological Thriller, Suspense Mystery, Drama, Mystery, Thriller",Christopher Nolan,"Guy Pearce, Carrie-Anne Moss, Joe Pantoliano",113
Dune: Part Two,2024,8.4,"Action Epic, Adventure Epic, Desert Adventure, Epic, Sci-Fi Epic, Space Sci-Fi, Action, Adventure, Drama, Sci-Fi",Denis Villeneuve,"Timothée Chalamet, Zendaya, Rebecca Ferguson",166
Raiders of the Lost Ark,1981,8.4,"Action Epic, Adventure Epic, Desert Adventure, Globetrotting Adventure, Quest, Action, Adventure",Steven Spielberg,"Harrison Ford, Karen Allen, Paul Freeman",115
Avengers: Infinity War,2018,8.4,"Action Epic, Adventure Epic, Dark Comedy, Epic, Sci-Fi Epic, Space Sci-Fi, Superhero, Action, Adventure, Sci-Fi","Anthony Russo, Joe Russo","Robert Downey Jr., Chris Hemsworth, Mark Ruffalo",149
The Lives of Others,2006,8.4,"German, Political Thriller, Psychological Drama, Spy, Drama, Mystery, Thriller",Florian Henckel von Donnersmarck,"Ulrich Mühe, Martina Gedeck, Sebastian Koch",137
Spider-Man: Into the Spider-Verse,2018,8.4,"Coming-of-Age, Computer Animation, Dark Comedy, Superhero, Supernatural Fantasy, Teen Adventure, Teen Drama, Urban Adventure, Action, Adventure","Bob Persichetti, Peter Ramsey, Rodney Rothman","Shameik Moore, Jake Johnson, Hailee Steinfeld",117
Sunset Boulevard,1950,8.4,"Dark Comedy, Film Noir, Psychological Drama, Showbiz Drama, Tragedy, Drama",Billy Wilder,"William Holden, Gloria Swanson, Erich von Stroheim",110
Witness for the Prosecution,1957,8.4,"Legal Drama, Legal Thriller, Whodunnit, Crime, Drama, Mystery, Thriller",Billy Wilder,"Tyrone Power, Marlene Dietrich, Charles Laughton",116
Paths of Glory,1957,8.4,"Epic, Legal Drama, Period Drama, Political Drama, Psychological Drama, Tragedy, War Epic, Drama, War",Stanley Kubrick,"Kirk Douglas, Ralph Meeker, Adolphe Menjou",88
The Shining,1980,8.4,"Psychological Drama, Psychological Horror, Supernatural Horror, Drama, Horror",Stanley Kubrick,"Jack Nicholson, Shelley Duvall, Danny Lloyd",146
The Great Dictator,1940,8.4,"Dark Comedy, Parody, Political Drama, Satire, Slapstick, Comedy, Drama, War",Charles Chaplin,"Charles Chaplin, Paulette Goddard, Jack Oakie",125
Inglourious Basterds,2009,8.4,"Dark Comedy, Period Drama, Adventure, Drama, War",Quentin Tarantino,"Brad Pitt, Diane Kruger, Eli Roth",153
Aliens,1986,8.4,"Alien Invasion, Cyberpunk, Monster Horror, Space Sci-Fi, Survival, Tragedy, Action, Adventure, Horror, Sci-Fi",James Cameron,"Sigourney Weaver, Michael Biehn, Carrie Henn",137
12th Fail,2023,8.7,"Hindi, Docudrama, Biography, Drama",Vidhu Vinod Chopra,"Vikrant Massey, Medha Shankr, Anant Joshi",147
High and Low,1963,8.4,"Japanese, Police Procedural, Crime, Drama, Mystery, Thriller",Akira Kurosawa,"Toshirô Mifune, Yutaka Sada, Tatsuya Nakadai",143
The Dark Knight Rises,2012,8.4,"Action Epic, Epic, Superhero, Tragedy, Action, Crime, Drama, Thriller",Christopher Nolan,"Christian Bale, Tom Hardy, Anne Hathaway",164
Coco,2017,8.4,"Computer Animation, Dark Comedy, Psychological Drama, Supernatural Fantasy, Adventure, Animation, Drama, Family, Fantasy, Music","Adrian Molina, Lee Unkrich","Anthony Gonzalez, Gael García Bernal, Benjamin Bratt",105
Avengers: Endgame,2019,8.4,"Action Epic, Adventure Epic, Epic, Sci-Fi Epic, Space Sci-Fi, Superhero, Time Travel, Tragedy, Action, Adventure","Anthony Russo, Joe Russo","Robert Downey Jr., Chris Evans, Mark Ruffalo",181
Amadeus,1984,8.4,"Costume Drama, Epic, Period Drama, Tragedy, Biography, Drama, Music",Milos Forman,"F. Murray Abraham, Tom Hulce, Elizabeth Berridge",160
Good Will Hunting,1997,8.3,"Coming-of-Age, Psychological Drama, Drama, Romance",Gus Van Sant,"Robin Williams, Matt Damon, Ben Affleck",126
Toy Story,1995,8.3,"Buddy Comedy, Computer Animation, Supernatural Fantasy, Urban Adventure, Adventure, Animation, Comedy, Family, Fantasy",John Lasseter,"Tom Hanks, Tim Allen, Don Rickles",81
Your Name.,2016,8.4,"Japanese, Anime, Hand-Drawn Animation, Psychological Drama, Shōjo, Animation, Drama, Fantasy, Romance",Makoto Shinkai,"Ryûnosuke Kamiki, Mone Kamishiraishi, Ryo Narita",106
Das Boot,1981,8.4,"German, Epic, Period Drama, Psychological Drama, War Epic, Drama, War",Wolfgang Petersen,"Jürgen Prochnow, Herbert Grönemeyer, Klaus Wennemann",149
Oldboy,2003,8.3,"Korean, Dark Comedy, One-Person Army Action, Psychological Drama, Psychological Thriller, Suspense Mystery, Action, Drama, Mystery, Thriller",Park Chan-wook,"Choi Min-sik, Yoo Ji-tae, Kang Hye-jeong",120
Strangelove or: How I Learned to Stop Worrying and Love the Bomb,1964,8.3,"Dark Comedy, Farce, Political Drama, Quirky Comedy, Satire, Tragedy, Comedy, War",Stanley Kubrick,"Peter Sellers, George C. Scott, Sterling Hayden",95
Braveheart,1995,8.3,"Action Epic, Costume Drama, Epic, Period Drama, War Epic, Biography, Drama, War",Mel Gibson,"Mel Gibson, Sophie Marceau, Patrick McGoohan",178
Princess Mononoke,1997,8.3,"Japanese, Action Epic, Adult Animation, Adventure Epic, Anime, Dark Fantasy, Epic, Fantasy Epic, Hand-Drawn Animation, Quest",Hayao Miyazaki,"Yôji Matsuda, Yuriko Ishida, Yûko Tanaka",133
American Beauty,1999,8.3,"Dark Comedy, Psychological Drama, Tragedy, Drama",Sam Mendes,"Kevin Spacey, Annette Bening, Thora Birch",122
3 Idiots,2009,8.4,"Hindi, Buddy Comedy, Coming-of-Age, Quirky Comedy, Satire, Comedy, Drama",Rajkumar Hirani,"Aamir Khan, Madhavan, Mona Singh",170
Capernaum,2018,8.4,"Arabic, Coming-of-Age, Legal Drama, Psychological Drama, Drama",Nadine Labaki,"Zain Al Rafeea, Yordanos Shiferaw, Boluwatife Treasure Bankole",126
Joker,2019,8.3,"Psychological Drama, Psychological Thriller, Tragedy, Crime, Drama, Thriller",Todd Phillips,"Joaquin Phoenix, Robert De Niro, Zazie Beetz",122
Once Upon a Time in America,1984,8.3,"Dark Comedy, Epic, Gangster, Period Drama, Crime, Drama",Sergio Leone,"Robert De Niro, James Woods, Elizabeth McGovern",229
Singin' in the Rain,1952,8.3,"Classic Musical, Feel-Good Romance, Jukebox Musical, Romantic Comedy, Satire, Slapstick, Comedy, Musical, Romance","Stanley Donen, Gene Kelly","Gene Kelly, Donald O'Connor, Debbie Reynolds",103
Come and See,1985,8.3,"Russian, Epic, Period Drama, Psychological Drama, Tragedy, War Epic, Drama, Thriller, War",Elem Klimov,"Aleksey Kravchenko, Olga Mironova, Liubomiras Laucevicius",142
Requiem for a Dream,2000,8.3,"Psychological Drama, Tragedy, Drama",Darren Aronofsky,"Ellen Burstyn, Jared Leto, Jennifer Connelly",102
Star Wars: Episode VI - Return of the Jedi,1983,8.3,"Action Epic, Adventure Epic, Dark Fantasy, Dystopian Sci-Fi, Epic, Fantasy Epic, Globetrotting Adventure, Quest, Sci-Fi Epic, Space Sci-Fi",Richard Marquand,"Mark Hamill, Harrison Ford, Carrie Fisher",131
Toy Story 3,2010,8.3,"Computer Animation, Supernatural Fantasy, Urban Adventure, Adventure, Animation, Comedy, Family, Fantasy",Lee Unkrich,"Tom Hanks, Tim Allen, Joan Cusack",103
The Hunt,2012,8.3,"Danish, Psychological Drama, Tragedy, Drama",Thomas Vinterberg,"Mads Mikkelsen, Thomas Bo Larsen, Annika Wedderkopp",115
Ikiru,1952,8.3,"Japanese, Psychological Drama, Tragedy, Drama",Akira Kurosawa,"Takashi Shimura, Nobuo Kaneko, Shin'ichi Himori",143
Eternal Sunshine of the Spotless Mind,2004,8.3,"Dark Romance, Psychological Drama, Drama, Romance, Sci-Fi",Michel Gondry,"Jim Carrey, Kate Winslet, Tom Wilkinson",108
Incendies,2010,8.3,"French, Suspense Mystery, Drama, Mystery, War",Denis Villeneuve,"Lubna Azabal, Mélissa Désormeaux-Poulin, Maxim Gaudette",131
The Apartment,1960,8.3,"Dark Comedy, Farce, Feel-Good Romance, Holiday Comedy, Holiday Romance, Quirky Comedy, Romantic Comedy, Satire, Workplace Drama, Comedy",Billy Wilder,"Jack Lemmon, Shirley MacLaine, Fred MacMurray",125
Lawrence of Arabia,1962,8.3,"Adventure Epic, Desert Adventure, Epic, Tragedy, War Epic, Adventure, Biography, Drama, War",David Lean,"Peter O'Toole, Alec Guinness, Anthony Quinn",227
2001: A Space Odyssey,1968,8.3,"Adventure Epic, Artificial Intelligence, Epic, Psychological Drama, Sci-Fi Epic, Space Sci-Fi, Adventure, Sci-Fi",Stanley Kubrick,"Keir Dullea, Gary Lockwood, William Sylvester",149
Reservoir Dogs,1992,8.3,"Gangster, Heist, Psychological Thriller, Crime, Thriller",Quentin Tarantino,"Harvey Keitel, Tim Roth, Michael Madsen",99
Scarface,1983,8.3,"Drug Crime, Epic, Gangster, One-Person Army Action, Tragedy, Crime, Drama",Brian De Palma,"Al Pacino, Michelle Pfeiffer, Steven Bauer",170
Heat,1995,8.3,"Action Epic, Cop Drama, Epic, Gangster, Heist, True Crime, Action, Crime, Drama",Michael Mann,"Al Pacino, Robert De Niro, Val Kilmer",170
Double Indemnity,1944,8.3,"Film Noir, Hard-boiled Detective, Crime, Drama, Mystery, Thriller",Billy Wilder,"Fred MacMurray, Barbara Stanwyck, Edward G. Robinson",107
Up,2009,8.3,"Buddy Comedy, Coming-of-Age, Computer Animation, Globetrotting Adventure, Quest, Adventure, Animation, Comedy, Drama, Family","Pete Docter, Bob Peterson","Edward Asner, Jordan Nagai, John Ratzenberger",96
North by Northwest,1959,8.3,"Spy, Adventure, Drama, Mystery, Thriller",Alfred Hitchcock,"Cary Grant, Eva Marie Saint, James Mason",136
M,1931,8.3,"German, Psychological Thriller, Serial Killer, Suspense Mystery, Crime, Mystery, Thriller",Fritz Lang,"Peter Lorre, Ellen Widmann, Inge Landgut",99
Full Metal Jacket,1987,8.2,"Dark Comedy, Period Drama, Psychological Drama, Drama, War",Stanley Kubrick,"Matthew Modine, R. Lee Ermey, Vincent D'Onofrio",116
Citizen Kane,1941,8.2,"Epic, Period Drama, Psychological Drama, Tragedy, Drama, Mystery",Orson Welles,"Orson Welles, Joseph Cotten, Dorothy Comingore",119
Like Stars on Earth,2007,8.3,"Hindi, Coming-of-Age, Drama, Family",Aamir Khan,"Darsheel Safary, Aamir Khan, Tisca Chopra",162
Amélie,2001,8.3,"French, Feel-Good Romance, Quirky Comedy, Romantic Comedy, Comedy, Romance",Jean-Pierre Jeunet,"Audrey Tautou, Mathieu Kassovitz, Rufus",122
Vertigo,1958,8.2,"Conspiracy Thriller, Dark Romance, Psychological Thriller, Suspense Mystery, Tragedy, Mystery, Romance, Thriller",Alfred Hitchcock,"James Stewart, Kim Novak, Barbara Bel Geddes",128
A Separation,2011,8.3,"Persian, Legal Drama, Psychological Drama, Drama",Asghar Farhadi,"Payman Maadi, Leila Hatami, Sareh Bayat",123
Die Hard,1988,8.2,"Dark Comedy, Disaster, One-Person Army Action, Action, Holiday, Thriller",John McTiernan,"Bruce Willis, Alan Rickman, Bonnie Bedelia",132
To Kill a Mockingbird,1962,8.3,"Legal Drama, Period Drama, Crime, Drama",Robert Mulligan,"Gregory Peck, John Megna, Frank Overton",129
Indiana Jones and the Last Crusade,1989,8.2,"Action Epic, Adventure Epic, Desert Adventure, Globetrotting Adventure, Quest, Action, Adventure",Steven Spielberg,"Harrison Ford, Sean Connery, Alison Doody",127
The Sting,1973,8.2,"Caper, Comedy, Crime, Drama",George Roy Hill,"Paul Newman, Robert Redford, Robert Shaw",129
A Clockwork Orange,1971,8.2,"Dark Comedy, Dystopian Sci-Fi, Crime, Sci-Fi",Stanley Kubrick,"Malcolm McDowell, Patrick Magee, Michael Bates",136
Metropolis,1927,8.2,"German, Artificial Intelligence, Dystopian Sci-Fi, Epic, Sci-Fi Epic, Steampunk, Drama, Sci-Fi",Fritz Lang,"Brigitte Helm, Alfred Abel, Gustav Fröhlich",153
Snatch,2000,8.2,"Caper, Dark Comedy, Gangster, Comedy, Crime",Guy Ritchie,"Jason Statham, Brad Pitt, Stephen Graham",102
1917,2019,8.2,"Epic, Period Drama, War Epic, Action, Drama, War",Sam Mendes,"Dean-Charles Chapman, George MacKay, Daniel Mays",119
Confidential,1997,8.2,"Conspiracy Thriller, Cop Drama, Hard-boiled Detective, Period Drama, Police Procedural, Suspense Mystery, Whodunnit, Crime, Drama, Mystery",Curtis Hanson,"Kevin Spacey, Russell Crowe, Guy Pearce",138
Oppenheimer,2023,8.3,"Docudrama, Epic, Historical Epic, Period Drama, Psychological Drama, Biography, Drama, History",Christopher Nolan,"Cillian Murphy, Emily Blunt, Matt Damon",180
Downfall,2004,8.2,"German, Docudrama, Period Drama, Political Drama, Tragedy, Biography, Drama, History, War",Oliver Hirschbiegel,"Bruno Ganz, Alexandra Maria Lara, Ulrich Matthes",156
Bicycle Thieves,1948,8.2,"Italian, Psychological Drama, Quest, Tragedy, Drama, Financial Drama",Vittorio De Sica,"Lamberto Maggiorani, Enzo Staiola, Lianella Carell",89
Dangal,2016,8.3,"Hindi, Coming-of-Age, Martial Arts, Action, Biography, Drama, Sport",Nitesh Tiwari,"Aamir Khan, Sakshi Tanwar, Fatima Sana Shaikh",161
The Wolf of Wall Street,2013,8.2,"Dark Comedy, Docudrama, Epic, Raunchy Comedy, Satire, True Crime, Workplace Drama, Biography, Comedy, Crime",Martin Scorsese,"Leonardo DiCaprio, Jonah Hill, Margot Robbie",180
The Truman Show,1998,8.2,"Dark Comedy, High-Concept Comedy, Psychological Drama, Satire, Showbiz Drama, Comedy, Drama",Peter Weir,"Jim Carrey, Ed Harris, Laura Linney",103
Green Book,2018,8.2,"Docudrama, Period Drama, Road Trip, Biography, Comedy, Drama, Holiday, Music",Peter Farrelly,"Viggo Mortensen, Mahershala Ali, Linda Cardellini",130
Hamilton,2020,8.3,"Epic, Historical Epic, Biography, Drama, History, Musical",Thomas Kail,"Lin-Manuel Miranda, Phillipa Soo, Leslie Odom Jr.",160
Batman Begins,2005,8.2,"Action Epic, Epic, Psychological Drama, Superhero, Tragedy, Action, Crime, Drama, Thriller",Christopher Nolan,"Christian Bale, Michael Caine, Ken Watanabe",140
Judgment at Nuremberg,1961,8.3,"Legal Drama, Drama, History, War",Stanley Kramer,"Spencer Tracy, Burt Lancaster, Richard Widmark",179
Taxi Driver,1976,8.2,"Psychological Drama, Crime, Drama",Martin Scorsese,"Robert De Niro, Jodie Foster, Cybill Shepherd",114
Shutter Island,2010,8.2,"Psychological Thriller, Suspense Mystery, Drama, Mystery, Thriller",Martin Scorsese,"Leonardo DiCaprio, Emily Mortimer, Mark Ruffalo",138
For a Few Dollars More,1965,8.2,"One-Person Army Action, Period Drama, Quest, Spaghetti Western, Drama, Western",Sergio Leone,"Clint Eastwood, Lee Van Cleef, Gian Maria Volontè",132
Some Like It Hot,1959,8.2,"Buddy Comedy, Farce, Romantic Comedy, Satire, Screwball Comedy, Comedy, Music, Romance",Billy Wilder,"Marilyn Monroe, Tony Curtis, Jack Lemmon",121
Jurassic Park,1993,8.2,"Dinosaur Adventure, Jungle Adventure, Action, Adventure, Sci-Fi, Thriller",Steven Spielberg,"Sam Neill, Laura Dern, Jeff Goldblum",127
There Will Be Blood,2007,8.2,"Epic, Period Drama, Psychological Drama, Tragedy, Drama",Paul Thomas Anderson,"Daniel Day-Lewis, Paul Dano, Ciarán Hinds",158
The Kid,1921,8.2,"Buddy Comedy, Farce, Slapstick, Comedy, Drama, Family",Charles Chaplin,"Charles Chaplin, Edna Purviance, Jackie Coogan",68
The Father,2020,8.2,"Psychological Drama, Drama, Mystery",Florian Zeller,"Anthony Hopkins, Olivia Colman, Mark Gatiss",97
All About Eve,1950,8.2,"Showbiz Drama, Drama",Joseph L. Mankiewicz,"Bette Davis, Anne Baxter, George Sanders",138
The Sixth Sense,1999,8.2,"Psychological Drama, Psychological Thriller, Suspense Mystery, Drama, Mystery, Thriller",M. Night Shyamalan,"Bruce Willis, Haley Joel Osment, Toni Collette",107
Ran,1985,8.2,"Japanese, Epic, Period Drama, Samurai, Tragedy, War Epic, Action, Drama, War",Akira Kurosawa,"Tatsuya Nakadai, Akira Terao, Jinpachi Nezu",160
Casino,1995,8.2,"Docudrama, Epic, Gangster, True Crime, Crime, Drama",Martin Scorsese,"Robert De Niro, Sharon Stone, Joe Pesci",178
The Chaos Class Failed the Class,1975,8.6,"Turkish, Satire, Comedy",Ertem Egilmez,"Münir Özkul, Tarik Akan, Kemal Sunal",95
No Country for Old Men,2007,8.2,"Contemporary Western, Psychological Thriller, Serial Killer, Crime, Drama, Thriller","Ethan Coen, Joel Coen","Tommy Lee Jones, Javier Bardem, Josh Brolin",122
The Thing,1982,8.2,"Alien Invasion, Body Horror, Monster Horror, Psychological Horror, Splatter Horror, Supernatural Horror, Suspense Mystery, Tragedy, Horror, Mystery",John Carpenter,"Kurt Russell, Wilford Brimley, Keith David",109
Top Gun: Maverick,2022,8.2,"Action Epic, Epic, Action, Drama",Joseph Kosinski,"Tom Cruise, Jennifer Connelly, Miles Teller",130
Pan's Labyrinth,2006,8.2,"Spanish, Coming-of-Age, Dark Fantasy, Fairy Tale, Period Drama, Supernatural Fantasy, Teen Fantasy, Tragedy, Drama, Fantasy",Guillermo del Toro,"Ivana Baquero, Ariadna Gil, Sergi López",118
Unforgiven,1992,8.2,"Period Drama, Tragedy, Western Epic, Drama, Western",Clint Eastwood,"Clint Eastwood, Gene Hackman, Morgan Freeman",130
Prisoners,2013,8.2,"Psychological Thriller, Suspense Mystery, Crime, Drama, Mystery, Thriller",Denis Villeneuve,"Hugh Jackman, Jake Gyllenhaal, Viola Davis",153
1,2003,8.2,"Kung Fu, Martial Arts, One-Person Army Action, Action, Crime, Thriller",Quentin Tarantino,"Uma Thurman, David Carradine, Daryl Hannah",111
A Beautiful Mind,2001,8.2,"Docudrama, Period Drama, Psychological Drama, Biography, Drama, Mystery",Ron Howard,"Russell Crowe, Ed Harris, Jennifer Connelly",135
The Treasure of the Sierra Madre,1948,8.2,"Tragedy, Adventure, Drama, Western",John Huston,"Humphrey Bogart, Walter Huston, Tim Holt",126
Howl's Moving Castle,2004,8.2,"Japanese, Adventure Epic, Anime, Epic, Hand-Drawn Animation, Supernatural Fantasy, Adventure, Animation, Family, Fantasy",Hayao Miyazaki,"Chieko Baishô, Takuya Kimura, Tatsuya Gashûin",119
Finding Nemo,2003,8.2,"Animal Adventure, Buddy Comedy, Computer Animation, Quest, Sea Adventure, Adventure, Animation, Comedy, Family","Andrew Stanton, Lee Unkrich","Albert Brooks, Ellen DeGeneres, Alexander Gould",100
Yojimbo,1961,8.2,"Japanese, One-Person Army Action, Period Drama, Samurai, Action, Drama, Thriller",Akira Kurosawa,"Toshirô Mifune, Eijirô Tôno, Tatsuya Nakadai",110
The Great Escape,1963,8.2,"Epic, Period Drama, Prison Drama, War Epic, Adventure, Drama, Thriller, War",John Sturges,"Steve McQueen, James Garner, Richard Attenborough",172
Monty Python and the Holy Grail,1975,8.2,"Farce, Parody, Quest, Satire, Sketch Comedy, Slapstick, Sword & Sorcery, Adventure, Comedy, Fantasy","Terry Gilliam, Terry Jones","Graham Chapman, John Cleese, Eric Idle",91
The Best of Youth,2003,8.4,"Italian, Epic, Drama, Romance",Marco Tullio Giordana,"Luigi Lo Cascio, Alessio Boni, Jasmine Trinca",374
The Elephant Man,1980,8.2,"Docudrama, Period Drama, Tragedy, Biography, Drama",David Lynch,"Anthony Hopkins, John Hurt, Anne Bancroft",124
Klaus,2019,8.2,"Hand-Drawn Animation, Holiday Animation, Holiday Comedy, Holiday Family, Adventure, Animation, Comedy, Family, Fantasy, Holiday","Carlos Martínez López, Sergio Pablos","Jason Schwartzman, J.K. Simmons, Rashida Jones",96
Dial M for Murder,1954,8.2,"Crime, Drama, Mystery, Thriller",Alfred Hitchcock,"Ray Milland, Grace Kelly, Robert Cummings",105
Gone with the Wind,1939,8.2,"Costume Drama, Epic, Period Drama, Psychological Drama, Romantic Epic, Tragic Romance, War Epic, Drama, Romance, War",Victor Fleming,"Clark Gable, Vivien Leigh, Thomas Mitchell",238
The Secret in Their Eyes,2009,8.2,"Spanish, Dark Romance, Erotic Thriller, Legal Thriller, Period Drama, Psychological Drama, Psychological Thriller, Suspense Mystery, Tragedy, Whodunnit",Juan José Campanella,"Ricardo Darín, Soledad Villamil, Pablo Rago",129
Chinatown,1974,8.1,"Conspiracy Thriller, Hard-boiled Detective, Period Drama, Psychological Drama, Psychological Thriller, Tragedy, Drama, Mystery, Thriller",Roman Polanski,"Jack Nicholson, Faye Dunaway, John Huston",130
"Lock, Stock and Two Smoking Barrels",1998,8.1,"Dark Comedy, Farce, Gangster, Heist, Comedy, Crime",Guy Ritchie,"Jason Flemyng, Dexter Fletcher, Nick Moran",107
V for Vendetta,2005,8.1,"Action Epic, Dystopian Sci-Fi, Epic, Political Drama, Political Thriller, Sci-Fi Epic, Superhero, Action, Drama, Sci-Fi",James McTeigue,"Hugo Weaving, Natalie Portman, Rupert Graves",132
Demon Slayer: Kimetsu no Yaiba- The Movie - Infinity Castle,2025,8.5,"Japanese, Adult Animation, Anime, Dark Fantasy, Hand-Drawn Animation, Shōnen, Supernatural Fantasy, Sword & Sorcery, Action, Adventure","Hikaru Kondô, Haruo Sotozaki","Zach Aguilar, Saeko Akiho, Yôhei Azakami",155
Inside Out,2015,8.1,"Coming-of-Age, Computer Animation, Farce, High-Concept Comedy, Psychological Drama, Adventure, Animation, Comedy, Drama, Family","Ronnie Del Carmen, Pete Docter","Amy Poehler, Bill Hader, Lewis Black",95
Rashomon,1950,8.1,"Japanese, Period Drama, Crime, Drama, Mystery",Akira Kurosawa,"Toshirô Mifune, Machiko Kyô, Masayuki Mori",88
Catch Me If You Can,2002,8.1,"Caper, Coming-of-Age, Docudrama, Globetrotting Adventure, Period Drama, True Crime, Biography, Crime, Drama",Steven Spielberg,"Leonardo DiCaprio, Tom Hanks, Christopher Walken",141
"Three Billboards Outside Ebbing, Missouri",2017,8.1,"Dark Comedy, Satire, Comedy, Crime, Drama",Martin McDonagh,"Frances McDormand, Woody Harrelson, Sam Rockwell",115
Trainspotting,1996,8.1,"Dark Comedy, Drug Crime, Psychological Drama, Crime, Drama",Danny Boyle,"Ewan McGregor, Ewen Bremner, Jonny Lee Miller",93
The Bridge on the River Kwai,1957,8.1,"Jungle Adventure, War Epic, Adventure, Drama, War",David Lean,"William Holden, Alec Guinness, Jack Hawkins",161
Harry Potter and the Deathly Hallows: Part 2,2011,8.1,"Action Epic, Dark Fantasy, Fantasy Epic, Sword & Sorcery, Teen Adventure, Teen Fantasy, Tragedy, Adventure, Family, Fantasy",David Yates,"Daniel Radcliffe, Emma Watson, Rupert Grint",130
Raging Bull,1980,8.1,"Boxing, Docudrama, Period Drama, Biography, Drama, Sport",Martin Scorsese,"Robert De Niro, Cathy Moriarty, Joe Pesci",129
Fargo,1996,8.1,"Cop Drama, Dark Comedy, Police Procedural, Tragedy, Crime, Drama, Thriller","Joel Coen, Ethan Coen","William H. Macy, Frances McDormand, Steve Buscemi",98
Warrior,2011,8.1,"Boxing, Action, Drama, Sport",Gavin O'Connor,"Tom Hardy, Nick Nolte, Joel Edgerton",140
Dead Poets Society,1989,8.1,"Coming-of-Age, Teen Drama, Comedy, Drama",Peter Weir,"Robin Williams, Robert Sean Leonard, Ethan Hawke",128
The Wild Robot,2024,8.2,"Animal Adventure, Artificial Intelligence, Computer Animation, Survival, Adventure, Animation, Family, Sci-Fi",Chris Sanders,"Lupita Nyong'o, Pedro Pascal, Kit Connor",102
Barry Lyndon,1975,8.1,"Adventure Epic, Costume Drama, Dark Comedy, Epic, Globetrotting Adventure, Period Drama, Political Drama, Psychological Drama, Tragedy, Adventure",Stanley Kubrick,"Ryan O'Neal, Marisa Berenson, Patrick Magee",185
Ben-Hur,1959,8.1,"Adventure Epic, Epic, Period Drama, Sword & Sandal, Adventure, Drama",William Wyler,"Charlton Heston, Jack Hawkins, Stephen Boyd",212
Million Dollar Baby,2004,8.1,"Boxing, Psychological Drama, Tragedy, Drama, Sport",Clint Eastwood,"Hilary Swank, Clint Eastwood, Morgan Freeman",132
Mad Max: Fury Road,2015,8.1,"Action Epic, Adventure Epic, Car Action, Desert Adventure, Dystopian Sci-Fi, Epic, Quest, Road Trip, Action, Adventure",George Miller,"Tom Hardy, Charlize Theron, Nicholas Hoult",120
Gran Torino,2008,8.1,"Dark Comedy, Psychological Drama, Drama",Clint Eastwood,"Clint Eastwood, Bee Vang, Christopher Carley",116
My Neighbor Totoro,1988,8.1,"Japanese, Anime, Fairy Tale, Hand-Drawn Animation, Iyashikei, Adventure, Animation, Comedy, Family, Fantasy",Hayao Miyazaki,"Hitoshi Takagi, Noriko Hidaka, Chika Sakamoto",86
Children of Heaven,1997,8.2,"Persian, Drama, Family, Sport",Majid Majidi,"Reza Naji, Amir Farrokh Hashemian, Bahare Seddiqi",89
Hacksaw Ridge,2016,8.1,"Docudrama, Epic, Period Drama, War Epic, Biography, Drama, History, War",Mel Gibson,"Andrew Garfield, Sam Worthington, Luke Bracey",139
The Grand Budapest Hotel,2014,8.1,"Period Drama, Quirky Comedy, Comedy, Drama",Wes Anderson,"Ralph Fiennes, F. Murray Abraham, Mathieu Amalric",99
12 Years a Slave,2013,8.1,"Costume Drama, Docudrama, Epic, Period Drama, Psychological Drama, Tragedy, Biography, Drama, History",Steve McQueen,"Chiwetel Ejiofor, Michael Kenneth Williams, Michael Fassbender",134
Before Sunrise,1995,8.1,"Tragic Romance, Comedy, Drama, Romance",Richard Linklater,"Ethan Hawke, Julie Delpy, Andrea Eckert",101
Blade Runner,1982,8.1,"Artificial Intelligence, Cyber Thriller, Cyberpunk, Dystopian Sci-Fi, Action, Drama, Sci-Fi, Thriller",Ridley Scott,"Harrison Ford, Rutger Hauer, Sean Young",117
Ratatouille,2007,8.1,"Animal Adventure, Buddy Comedy, Computer Animation, Quirky Comedy, Satire, Adventure, Animation, Comedy, Family, Fantasy","Brad Bird, Jan Pinkava","Brad Garrett, Lou Romano, Patton Oswalt",111
Memories of Murder,2003,8.1,"Korean, Dark Comedy, Police Procedural, Serial Killer, True Crime, Crime, Drama, Mystery, Thriller",Bong Joon Ho,"Song Kang-ho, Kim Sang-kyung, Kim Roe-ha",132
Spider-Man: No Way Home,2021,8.2,"Superhero, Supernatural Fantasy, Urban Adventure, Action, Adventure, Fantasy, Sci-Fi",Jon Watts,"Tom Holland, Zendaya, Benedict Cumberbatch",148
How to Train Your Dragon,2010,8.1,"Action Epic, Adventure Epic, Coming-of-Age, Computer Animation, Epic, Fantasy Epic, Sword & Sorcery, Teen Adventure, Teen Fantasy, Action","Dean DeBlois, Chris Sanders","Jay Baruchel, Gerard Butler, Christopher Mintz-Plasse",98
Gone Girl,2014,8.1,"Erotic Thriller, Psychological Drama, Psychological Thriller, Suspense Mystery, Tragedy, Whodunnit, Drama, Mystery, Thriller",David Fincher,"Ben Affleck, Rosamund Pike, Neil Patrick Harris",149
"Monsters, Inc.",2001,8.1,"Buddy Comedy, Computer Animation, Dark Comedy, Farce, Satire, Supernatural Fantasy, Urban Adventure, Adventure, Animation, Comedy","Pete Docter, David Silverman, Lee Unkrich","Billy Crystal, John Goodman, Mary Gibbs",92
Jaws,1975,8.1,"Disaster, Monster Horror, Sea Adventure, Survival, Adventure, Horror, Thriller",Steven Spielberg,"Roy Scheider, Robert Shaw, Richard Dreyfuss",124
In the Name of the Father,1993,8.1,"Docudrama, Legal Drama, Period Drama, Prison Drama, Tragedy, True Crime, Biography, Crime, Drama",Jim Sheridan,"Daniel Day-Lewis, Pete Postlethwaite, Anthony Brophy",133
Ford v Ferrari,2019,8.1,"Car Action, Docudrama, Motorsport, Period Drama, Action, Biography, Drama, Sport",James Mangold,"Matt Damon, Christian Bale, Jon Bernthal",152
Wild Tales,2014,8.1,"Spanish, Dark Comedy, Psychological Drama, Psychological Thriller, Satire, Comedy, Drama, Thriller",Damián Szifron,"Darío Grandinetti, María Marull, Mónica Villa",122
The Gold Rush,1925,8.1,"Farce, Feel-Good Romance, Romantic Comedy, Satire, Slapstick, Adventure, Comedy, Drama, Romance, Western",Charles Chaplin,"Charles Chaplin, Mack Swain, Tom Murray",95
Sherlock Jr.,1924,8.1,"Bumbling Detective, Farce, Feel-Good Romance, Romantic Comedy, Slapstick, Action, Comedy, Romance",Buster Keaton,"Buster Keaton, Kathryn McGuire, Joe Keaton",45
Mary and Max,2009,8.1,"Adult Animation, Coming-of-Age, Dark Comedy, Period Drama, Psychological Drama, Stop Motion Animation, Animation, Comedy, Drama",Adam Elliot,"Toni Collette, Philip Seymour Hoffman, Eric Bana",92
The Deer Hunter,1978,8.1,"Epic, War Epic, Drama, War",Michael Cimino,"Robert De Niro, Christopher Walken, John Cazale",183
The Wages of Fear,1953,8.1,"French, Psychological Drama, Survival, Adventure, Drama, Thriller",Henri-Georges Clouzot,"Yves Montand, Charles Vanel, Peter van Eyck",156
The General,1926,8.1,"Farce, Slapstick, Action, Adventure, Comedy, Drama, War","Clyde Bruckman, Buster Keaton","Buster Keaton, Marion Mack, Glen Cavender",78
Logan,2017,8.1,"Contemporary Western, Dystopian Sci-Fi, Quest, Road Trip, Superhero, Tragedy, Action, Drama, Sci-Fi, Thriller",James Mangold,"Hugh Jackman, Patrick Stewart, Dafne Keen",137
Smith Goes to Washington,1939,8.1,"Political Drama, Comedy, Drama",Frank Capra,"James Stewart, Jean Arthur, Claude Rains",129
Rocky,1976,8.1,"Boxing, Drama, Sport",John G. Avildsen,"Sylvester Stallone, Talia Shire, Burt Young",120
On the Waterfront,1954,8.1,"Legal Drama, Legal Thriller, Tragedy, Crime, Drama, Thriller",Elia Kazan,"Marlon Brando, Karl Malden, Lee J. Cobb",108
Tokyo Story,1953,8.1,"Japanese, Psychological Drama, Drama",Yasujirô Ozu,"Chishû Ryû, Chieko Higashiyama, Sô Yamamura",137
Wild Strawberries,1957,8.1,"Swedish, Psychological Drama, Drama, Romance",Ingmar Bergman,"Victor Sjöström, Bibi Andersson, Ingrid Thulin",92
Pirates of the Caribbean: The Curse of the Black Pearl,2003,8.1,"Sea Adventure, Supernatural Fantasy, Swashbuckler, Action, Adventure, Fantasy",Gore Verbinski,"Johnny Depp, Geoffrey Rush, Orlando Bloom",143
The Third Man,1949,8.1,"Film Noir, Hard-boiled Detective, Spy, Whodunnit, Drama, Mystery, Thriller",Carol Reed,"Orson Welles, Joseph Cotten, Alida Valli",104
Spotlight,2015,8.1,"Docudrama, Legal Drama, Period Drama, True Crime, Workplace Drama, Biography, Crime, Drama",Tom McCarthy,"Mark Ruffalo, Michael Keaton, Rachel McAdams",129
Maharaja,2024,8.3,"Tamil, One-Person Army Action, Action, Crime, Drama, Thriller",Nithilan Saminathan,"Vijay Sethupathi, Anurag Kashyap, Mamta Mohandas",141
La haine,1995,8.1,"French, Gangster, Psychological Drama, Crime, Drama",Mathieu Kassovitz,"Vincent Cassel, Hubert Koundé, Saïd Taghmaoui",98
The Terminator,1984,8.1,"Artificial Intelligence, Cyberpunk, Dystopian Sci-Fi, Time Travel, Urban Adventure, Action, Adventure, Sci-Fi",James Cameron,"Arnold Schwarzenegger, Linda Hamilton, Michael Biehn",107
Jai Bhim,2021,8.6,"Tamil, Legal Drama, Crime, Drama",T.J. Gnanavel,"Suriya, Lijo Mol Jose, Manikandan K.",164
The Big Lebowski,1998,8.1,"Buddy Comedy, Drug Crime, Satire, Stoner Comedy, Comedy, Crime","Joel Coen, Ethan Coen","Jeff Bridges, John Goodman, Julianne Moore",117
The Sound of Music,1965,8.1,"Classic Musical, Epic, Period Drama, Biography, Drama, Family, Musical, Romance",Robert Wise,"Julie Andrews, Christopher Plummer, Eleanor Parker",174
The Seventh Seal,1957,8.1,"Swedish, Dark Comedy, Period Drama, Psychological Drama, Drama, Fantasy",Ingmar Bergman,"Max von Sydow, Gunnar Björnstrand, Bengt Ekerot",96
Room,2015,8.1,"Psychological Drama, Drama, Thriller",Lenny Abrahamson,"Brie Larson, Jacob Tremblay, Sean Bridgers",118
The Best Years of Our Lives,1946,8.1,"Epic, Feel-Good Romance, Drama, Romance, War",William Wyler,"Myrna Loy, Dana Andrews, Fredric March",170
A Silent Voice: The Movie,2016,8.2,"Japanese, Adult Animation, Anime, Coming-of-Age, Hand-Drawn Animation, Psychological Drama, Shōnen, Slice of Life, Animation, Drama",Naoko Yamada,"Miyu Irino, Saori Hayami, Aoi Yûki",130
Platoon,1986,8.1,"Docudrama, Jungle Adventure, Period Drama, Tragedy, Drama, War",Oliver Stone,"Charlie Sheen, Tom Berenger, Willem Dafoe",120
Hotel Rwanda,2004,8.1,"Docudrama, Epic, Biography, Drama, History, War",Terry George,"Don Cheadle, Sophie Okonedo, Joaquin Phoenix",121
Before Sunset,2004,8.1,"Feel-Good Romance, Drama, Romance",Richard Linklater,"Ethan Hawke, Julie Delpy, Vernon Dobtcheff",80
The Incredibles,2004,8.0,"Computer Animation, Superhero, Urban Adventure, Action, Adventure, Animation, Family",Brad Bird,"Craig T. Nelson, Samuel L. Jackson, Holly Hunter",115
The Exorcist,1973,8.1,"Body Horror, Psychological Drama, Psychological Horror, Supernatural Horror, Tragedy, Horror",William Friedkin,"Ellen Burstyn, Max von Sydow, Linda Blair",122
Hachi: A Dog's Tale,2009,8.1,"Animal Adventure, Biography, Drama, Family",Lasse Hallström,"Richard Gere, Joan Allen, Cary-Hiroyuki Tagawa",93
The Wizard of Oz,1939,8.1,"Adventure Epic, Classic Musical, Fairy Tale, Fantasy Epic, Quest, Adventure, Family, Fantasy, Musical",,"Judy Garland, Frank Morgan, Ray Bolger",102
Rush,2013,8.1,"Docudrama, Motorsport, Period Drama, Biography, Drama, Sport",Ron Howard,"Daniel Brühl, Chris Hemsworth, Olivia Wilde",123
The Passion of Joan of Arc,1928,8.1,"Costume Drama, Legal Drama, Period Drama, Psychological Drama, Tragedy, Biography, Drama, History",Carl Theodor Dreyer,"Maria Falconetti, Eugene Silvain, André Berley",114
Stand by Me,1986,8.1,"Coming-of-Age, Dark Comedy, Quest, Adventure, Comedy, Drama",Rob Reiner,"Wil Wheaton, River Phoenix, Corey Feldman",89
The Iron Giant,1999,8.1,"Alien Invasion, Artificial Intelligence, Buddy Comedy, Hand-Drawn Animation, High-Concept Comedy, Kaiju, Space Sci-Fi, Action, Adventure, Animation",Brad Bird,"Eli Marienthal, Harry Connick Jr., Jennifer Aniston",86
My Father and My Son,2005,8.2,"Turkish, Coming-of-Age, Political Drama, Drama, Family",Çagan Irmak,"Çetin Tekindor, Fikret Kuskan, Hümeyra",112
The Battle of Algiers,1966,8.1,"Arabic, Docudrama, Political Drama, Drama, War",Gillo Pontecorvo,"Brahim Hadjadj, Jean Martin, Yacef Saadi",121
The Handmaiden,2016,8.1,"Korean, Dark Romance, Erotic Thriller, Psychological Thriller, Steamy Romance, Drama, Romance, Thriller",Park Chan-wook,"Kim Min-hee, Ha Jung-woo, Cho Jin-woong",145
Network,1976,8.1,"Dark Comedy, Workplace Drama, Drama",Sidney Lumet,"Faye Dunaway, William Holden, Peter Finch",121
Demon Slayer: Kimetsu no Yaiba - The Movie: Mugen Train,2020,8.2,"Japanese, Adult Animation, Anime, Dark Fantasy, Hand-Drawn Animation, Shōnen, Superhero, Supernatural Fantasy, Sword & Sorcery, Action",Haruo Sotozaki,"Natsuki Hanae, Akari Kitô, Yoshitsugu Matsuoka",117
Gangs of Wasseypur,2012,8.2,"Hindi, Gangster, Satire, True Crime, Action, Comedy, Crime, Drama, Thriller",Anurag Kashyap,"Manoj Bajpayee, Nawazuddin Siddiqui, Tigmanshu Dhulia",321
The Grapes of Wrath,1940,8.1,"Period Drama, Tragedy, Drama",John Ford,"Henry Fonda, Jane Darwell, John Carradine",129
Drishyam,2015,8.2,"Hindi, Suspense Mystery, Crime, Drama, Mystery, Thriller",Nishikant Kamat,"Ajay Devgn, Shriya Saran, Tabu",163
To Be or Not to Be,1942,8.1,"Screwball Comedy, Comedy, Romance, War",Ernst Lubitsch,"Carole Lombard, Jack Benny, Robert Stack",99
Lost Ladies,2023,8.3,"Hindi, Quirky Comedy, Comedy, Drama",Kiran Rao,"Nitanshi Goel, Pratibha Ranta, Sparsh Shrivastava",122
Autumn Sonata,1978,8.1,"Swedish, Psychological Drama, Tragedy, Drama, Music",Ingmar Bergman,"Ingrid Bergman, Liv Ullmann, Lena Nyman",99
